	entities	total_count
0	d614g	2092
1	n501y	1280
2	l452r	492
3	k417n	361
4	e484q	170
5	p681h	140
6	p681r	133
7	s477n	127
8	y453f	77
9	e484k	61
10	k417t	50
11	k417n/t	47
12	s494p	47
13	q493r	44
14	q675h	42
15	a570d	40
16	g142d	40
17	t95i	40
18	l18f	32
19	q498r	32
20	e484a	29
21	h655y	29
22	g446s	28
23	f490s	27
24	s371l	23
25	s375f	22
26	s982a	22
27	g339d	22
28	d614 g	21
29	t716i	20
30	d950n	18
31	t19r	15
32	y505h	14
33	d1118h	14
34	s373p	14
35	g496s	12
36	p681h/r	12
37	q954h	12
38	a701v	11
39	d215g	10
40	d138y	10
41	d796y	9
43	r158g	7
42	d80a	7
44	l981f	5
45	y145del	4
46	t1027i	4
47	n439k	3
48	l212i	3
49	t20n	2
50	p26s	2
51	r190s	2
52	n440k	2
53	t478k	2
54	orf1b:p314l	1
55	a243del	1
